cim;rendezo;korhatar;jatekido;bevetel;ev
Oppenheimer;Christopher Nolan;f;180;5400000;2023
Barbie;Greta Gerwig;a;114;4200000;2023
Dune;Denis Villeneuve;f;155;3900000;2021
Elemi;Peter Sohn;c;101;1800000;2023
Agymanok 2;Kelsey Mann;c;110;4600000;2024
Avatar: A viz utja;James Cameron;a;192;6100000;2022
Wonka;Paul King;c;116;2500000;2023
Batman;Matt Reeves;f;176;3700000;2022
Top Gun: Maverick;Joseph Kosinski;a;131;4800000;2022
A kis hableany;Rob Marshall;c;135;2100000;2023
Tenet;Christopher Nolan;f;150;3200000;2020
Elio;Adrian Molina;c;108;2300000;2025
Gran Turismo;Neill Blomkamp;a;134;1700000;2023
Napoleon;Joaquin Phoenix;a;158;2600000;2023
Sonic, a sündisznó 3;Jeff Fowler;c;109;3000000;2024
Minecraft;Jared Hess;a;122;4100000;2025
Kung Fu Panda 4;Mike Mitchell;c;104;3500000;2024
A majmok bolygója: A birodalom;Wes Ball;a;145;2900000;2024